order, 2021-05-05 21:50:59.367
calculate_outprice, 2021-05-05 21:51:10.429
stop, 2021-05-05 22:11:35.386
stop, 2021-05-05 22:31:00.256
stop, 2021-05-05 22:47:27.052
stop, 2021-05-05 22:52:41.433
stop, 2021-05-05 22:54:13.781
stop, 2021-05-06 14:39:36.152
stop, 2021-05-06 14:41:07.501
stop, 2021-05-06 14:50:24.685
2 MineralWatter 3, 2021-05-06 15:00:12.866
stop, 2021-05-06 15:01:46.356
stop, 2021-05-06 15:03:29.602
stop, 2021-05-06 15:04:09.932
stop, 2021-05-06 15:05:58.807
stop, 2021-05-06 15:10:04.952
stop, 2021-05-06 15:12:22.71
stop, 2021-05-06 15:12:50.437
stop, 2021-05-06 15:28:01.248
, 2021-05-07 17:57:40.465
show_storehouse_stock, 2021-05-07 17:58:02.683
, 2021-05-07 17:59:13.116
, 2021-05-07 17:59:34.576
show_storehouse_stock, 2021-05-07 17:59:40.189
show_store_stock, 2021-05-07 18:00:00.631
show_storehouse_bank, 2021-05-07 18:00:11.258
show_store_bank, 2021-05-07 18:00:29.051
collect_gain, 2021-05-07 18:00:47.82
show_store_bank, 2021-05-07 18:01:08.065
show_store_stock, 2021-05-07 18:58:10.156
show_capacity_status, 2021-05-07 19:34:29.378
show_capacity, 2021-05-07 19:35:30.529
sh, 2021-05-07 19:36:05.927
show_capacity_status, 2021-05-07 19:36:16.618
show_capacity_status, 2021-05-07 19:36:49.438
show_outprice, 2021-05-07 19:37:06.657
show_outprice, 2021-05-07 19:37:18.963
show_ouprice, 2021-05-07 19:37:31.111
show_outprice, 2021-05-07 19:37:37.453
show_outprice, 2021-05-07 19:40:26.183
show_outprice, 2021-05-07 19:43:10.273
Cheese, 2021-05-07 19:43:10.289
show_outprice, 2021-05-07 19:43:33.245
show_store_bank, 2021-05-07 19:50:38.065
show_outprice, 2021-05-07 19:54:10.081
input_files, 2021-05-07 20:08:37.993
refill, 2021-05-07 20:08:51.538
show_storehouse_stock, 2021-05-07 20:09:02.742
show_storehouse_stock, 2021-05-07 20:13:39.384
show_store_stock, 2021-05-07 20:13:52.798
refill, 2021-05-07 20:16:54.487
show_storehouse_stock, 2021-05-07 20:17:00.643
find_provider, 2021-05-07 20:19:25.872
find_provider, 2021-05-07 20:19:49.682
John, 2021-05-07 20:42:01.174
Banana, 2021-05-07 20:42:03.505
4, 2021-05-07 20:42:04.432
order, 2021-05-07 20:42:15.475
ell, 2021-05-07 20:45:48.984
sell, 2021-05-07 20:55:38.961
sell, 2021-05-07 21:09:00.448
sell, 2021-05-07 21:09:11.259
SELL, 2021-05-07 21:09:36.699
sell, 2021-05-07 21:10:03.247
sell, 2021-05-07 21:11:07.649
show_outprice, 2021-05-07 21:11:40.526
show_outprice, 2021-05-07 21:15:26.308
Sell, 2021-05-07 21:21:02.229
sell, 2021-05-07 21:26:32.206
show_outprice, 2021-05-07 21:27:34.133
show_capacity_status, 2021-05-07 21:28:58.649
refill, 2021-05-07 21:30:58.501
stop, 2021-05-07 21:31:01.065
order, 2021-05-07 21:39:32.78
stop, 2021-05-07 21:51:00.886
show_storehouse_stock, 2021-05-07 21:55:39.777
show_store_stock, 2021-05-07 21:55:48.35
show_storehouse_bank, 2021-05-07 21:55:58.14
show_store_bank, 2021-05-07 21:56:05.069
collect_gain, 2021-05-07 21:56:22.973
order, 2021-05-07 22:04:46.304
find_provider, 2021-05-07 22:16:53.92
order, 2021-05-07 22:17:31.021
show_storehouse_bank, 2021-05-07 22:17:55.405
order, 2021-05-07 22:19:04.265
order, 2021-05-07 22:21:49.273
order, 2021-05-07 22:23:29.786
order, 2021-05-07 22:25:27.853
order, 2021-05-07 22:28:02.004
order, 2021-05-07 22:28:11.789
reffill, 2021-05-07 22:28:14.593
sell, 2021-05-07 22:29:27.874
sell, 2021-05-07 22:32:30.961
sell, 2021-05-07 22:32:39.497
stop, 2021-05-07 22:42:59.646
stop, 2021-05-07 22:43:08.462
show_outprice, 2021-05-07 22:53:38.132
show_outprice, 2021-05-07 22:53:54.373
sell, 2021-05-07 22:58:41.719
show_store_bank, 2021-05-07 22:58:55.843
stop, 2021-05-07 22:59:06.76
sell, 2021-05-07 23:01:02.463
show_store_bank, 2021-05-07 23:01:19.14
stop, 2021-05-07 23:01:35.216
